{"env_id": "PickCube-v1", "scenario": "collision", "scenario_name": "碰撞注入", "seed": 8, "config": {"env_id": "PickCube-v1", "scenario": "collision", "seed": 8, "steps": 140, "fps": 20, "width": 320, "height": 240, "record_video": false, "recovery_enabled": false}, "recovery": {"enabled": false}, "fps": 20, "duration": 0.2, "rows": 5, "success": true, "peak_force": 0.0, "wall_time": 0.162, "timestamps": [0.0, 0.05, 0.1, 0.15, 0.2], "tcp": [[0.00010312814265489578, -0.012231292203068733, 0.1454595923423767], [0.003464372828602791, 0.012200873345136642, 0.13877904415130615], [0.005795411765575409, 0.03336323797702789, 0.1334095448255539], [0.007791913114488125, 0.04826905578374863, 0.12960977852344513], [0.00964608509093523, 0.057631466537714005, 0.12697294354438782]], "link_names": ["panda_link0", "panda_link1", "panda_link2", "panda_link3", "panda_link4", "panda_link5", "panda_link6", "panda_link7", "panda_link8", "panda_hand", "panda_hand_tcp", "panda_leftfinger", "panda_rightfinger", "panda_leftfinger_pad", "panda_rightfinger_pad"], "links": [[[-0.6150000095367432, 7.275957614183426e-11, -1.4901161193847656e-08], [-0.6150000691413879, 2.60770320892334e-08, 0.3330000638961792], [-0.6150001287460327, 2.7474015951156616e-08, 0.3330000638961792], [-0.48261481523513794, 0.0012214072048664093, 0.6199299097061157], [-0.4077100455760956, 1.5795230865478516e-06, 0.5853750705718994], [-0.08964331448078156, -0.00598965585231781, 0.3550277054309845], [-0.08964329957962036, -0.005989661440253258, 0.3550277352333069], [-0.0016641169786453247, -0.00419636070728302, 0.35569870471954346], [-0.0007653785869479179, -0.008282564580440521, 0.2487805336713791], [-0.0007653795182704926, -0.008282564580440521, 0.2487805187702179], [0.00010312814265489578, -0.012231292203068733, 0.1454595923423767], [-0.0008554412052035332, -0.05047959089279175, 0.19194775819778442], [0.00030568521469831467, 0.029450085014104843, 0.18890275061130524], [-0.00047326411004178226, -0.05221718177199364, 0.14648255705833435], [0.0006878622807562351, 0.027712492272257805, 0.14343754947185516]], [[-0.6150000095367432, 7.275957614183426e-11, -1.4901161193847656e-08], [-0.6150000691413879, -2.60770320892334e-08, 0.3330000638961792], [-0.6150000095367432, -2.9802322387695312e-08, 0.3330000638961792], [-0.4771037697792053, 0.003848619759082794, 0.61729896068573], [-0.4029017686843872, 0.0056405626237392426, 0.5812837481498718], [-0.08688212931156158, 0.013154402375221252, 0.34818002581596375], [-0.08688213676214218, 0.013154394924640656, 0.34818002581596375], [0.0009770803153514862, 0.018047761172056198, 0.3490830957889557], [0.00224200077354908, 0.015074298717081547, 0.24213188886642456], [0.00224200077354908, 0.015074298717081547, 0.24213188886642456], [0.003464372828602791, 0.012200873345136642, 0.13877904415130615], [0.0037615373730659485, -0.02652425691485405, 0.18487973511219025], [0.002103247679769993, 0.0534270778298378, 0.1826373040676117], [0.0042994278483092785, -0.02778867445886135, 0.13940048217773438], [0.00264113862067461, 0.05216265842318535, 0.13715806603431702]], [[-0.6150000095367432, 7.275957614183426e-11, -1.4901161193847656e-08], [-0.6150000691413879, -3.91155481338501e-08, 0.33300015330314636], [-0.6150000691413879, -3.818422555923462e-08, 0.33300015330314636], [-0.4725283980369568, 0.006425749510526657, 0.6149870157241821], [-0.3990355134010315, 0.010774008929729462, 0.5777562260627747], [-0.08505108207464218, 0.02978174015879631, 0.3425655961036682], [-0.08505107462406158, 0.029781747609376907, 0.3425655663013458], [0.002614688128232956, 0.03735262155532837, 0.34374767541885376], [0.00423225574195385, 0.03532380610704422, 0.2367791384458542], [0.00423225574195385, 0.03532380610704422, 0.23677915334701538], [0.005795411765575409, 0.03336323797702789, 0.1334095448255539], [0.007165287621319294, -0.005721427500247955, 0.17918480932712555], [0.003064868040382862, 0.07415612041950226, 0.17760780453681946], [0.007853137329220772, -0.006584153510630131, 0.13369819521903992], [0.0037527175154536963, 0.07329339534044266, 0.13212119042873383]], [[-0.6150000095367432, 7.275957614183426e-11, -1.4901161193847656e-08], [-0.6149999499320984, -2.60770320892334e-08, 0.3330000638961792], [-0.6149999499320984, -1.6298145055770874e-08, 0.3330000638961792], [-0.4689563810825348, 0.008394502103328705, 0.613101601600647], [-0.39607876539230347, 0.014502272009849548, 0.5749204754829407], [-0.0836651623249054, 0.041470520198345184, 0.3384195864200592], [-0.0836651623249054, 0.04147052392363548, 0.3384195864200592], [0.0038141608238220215, 0.0509050153195858, 0.3399556577205658], [0.005837062373757362, 0.04956448823213577, 0.23298317193984985], [0.005837062373757362, 0.049564484506845474, 0.23298317193984985], [0.007791913114488125, 0.04826905578374863, 0.12960977852344513], [0.009842422790825367, 0.008944142609834671, 0.17515291273593903], [0.004039735533297062, 0.08872360736131668, 0.1740434318780899], [0.010702632367610931, 0.008374103344976902, 0.1296646147966385], [0.004899944644421339, 0.08815357089042664, 0.12855513393878937]], [[-0.6150000095367432, 7.275957614183426e-11, -1.4901161193847656e-08], [-0.6149999499320984, 3.166496753692627e-08, 0.3330000936985016], [-0.6149999499320984, 2.7008354663848877e-08, 0.3330000936985016], [-0.46621692180633545, 0.009718019515275955, 0.6116131544113159], [-0.39382413029670715, 0.016901247203350067, 0.5727038979530334], [-0.08247240632772446, 0.04877937585115433, 0.3354147672653198], [-0.08247241377830505, 0.048779383301734924, 0.3354147672653198], [0.004868077114224434, 0.059364400804042816, 0.3373115360736847], [0.007297954522073269, 0.05848311260342598, 0.23034276068210602], [0.007297954522073269, 0.05848311260342598, 0.2303427755832672], [0.00964608509093523, 0.057631466537714005, 0.12697294354438782], [0.012051869183778763, 0.01815301552414894, 0.17236599326133728], [0.005196328274905682, 0.09785288572311401, 0.1715536117553711], [0.013085137121379375, 0.01777825877070427, 0.1268792748451233], [0.006229596212506294, 0.09747812896966934, 0.1260668933391571]]], "object": [[0.0195859856903553, 0.0690598115324974, 0.019999923184514046], [0.019585980102419853, 0.069059818983078, 0.019999928772449493], [0.019585981965065002, 0.069059818983078, 0.019999928772449493], [0.019585993140935898, 0.06905980408191681, 0.019999917596578598], [0.01958599127829075, 0.0690598115324974, 0.01999993436038494]], "goal": [[0.028869174420833588, 0.07981119304895401, 0.02422664314508438], [0.028869174420833588, 0.07981119304895401, 0.02422664314508438], [0.028869174420833588, 0.07981119304895401, 0.02422664314508438], [0.028869174420833588, 0.07981119304895401, 0.02422664314508438], [0.028869174420833588, 0.07981119304895401, 0.02422664314508438]], "force": [0.0, 0.0, 0.0, 0.0, 0.0], "action_norm": [1.497658133506775, 1.3713771104812622, 1.2307814359664917, 1.131360650062561, 1.0732295513153076], "applied_action_norm": [1.497658133506775, 1.3713771104812622, 1.2307814359664917, 1.131360650062561, 1.0732295513153076], "gripper": [0.9999509900808334, 0.9999996051192284, 0.9999783709645271, 0.9999738074839115, 0.999978743493557], "gripper_command": [1.0, 1.0, 1.0, 1.0, 1.0], "is_grasped": [0, 0, 0, 0, 0], "success_trace": [0, 0, 0, 0, 1], "frame_valid": [1, 1, 1, 1, 1], "phases": ["approach", "approach", "approach", "approach", "approach"], "events": [], "diagnosis": {"quality_score": 96.4, "grade": "A", "issues": [], "events": []}, "video_available": false}